id;description;sort_order;date_added;date_modified;status
1;mobile Fish;77969;2019-12-08;2019-12-08;AVAILABLE
2;Trace;33370;2019-12-08;2019-12-08;AVAILABLE
3;Officer;61748;2019-12-08;2019-12-08;RESTRICTED
4;enable Gorgeous Frozen Pants;23277;2019-12-08;2019-12-08;RESTRICTED
5;HDD;68030;2019-12-08;2019-12-08;DISABLED
6;South Dakota envisioneer Music;23089;2019-12-08;2019-12-08;DISABLED
7;Salad;39106;2019-12-08;2019-12-08;AVAILABLE
8;Georgia Industrial;84228;2019-12-08;2019-12-08;AVAILABLE
9;Georgia;52083;2019-12-08;2019-12-08;DISABLED
10;South Georgia and the South Sandwich Islands;58675;2019-12-08;2019-12-07;AVAILABLE
